delete from public.chat_messages;
delete from public.chat_threads;
delete from public.item_images;
delete from public.items;
delete from public.users;
delete from public.businesses;
delete from public.home_native_ads;

insert into public.users (
  id, name, avatar_url, town, response_rate, manner_score, repeat_deals, badges, is_business, bio, created_at, last_active_at
) values
('00000000-0000-0000-0000-000000001000','당근하트','/icons/my-karrot/profile-avatar.svg','합정동',99,39.4,18,array['동네인증','응답 빨라요'],false,'합정동에서 프로토타입 테스트용으로 쓰는 고정 유저예요.',now() - interval '6 months',now() - interval '3 minutes'),
('00000000-0000-0000-0000-000000001001','합정살림러','/api/item-images/iphone-13/image-01.webp','합정동',91,37.0,4,array['동네인증','응답 빨라요'],false,'합정동 근처에서 직거래 자주 해요.',now() - interval '7 months',now() - interval '7 minutes'),
('00000000-0000-0000-0000-000000001002','망원마켓','/api/item-images/galaxy-s22/image-01.webp','망원동',92,37.5,8,array['친절해요','재거래 희망'],false,'망원동 근처에서 직거래 자주 해요.',now() - interval '8 months',now() - interval '14 minutes'),
('00000000-0000-0000-0000-000000001003','향수좋아','/api/item-images/ipad-air/image-01.webp','합정동',93,38.0,12,array['동네인증','응답 빨라요'],false,'합정동 근처에서 직거래 자주 해요.',now() - interval '9 months',now() - interval '21 minutes'),
('00000000-0000-0000-0000-000000001004','개발새발','/api/item-images/macbook-air-m1/image-01.webp','합정동',94,38.5,16,array['친절해요','재거래 희망'],false,'합정동 근처에서 직거래 자주 해요.',now() - interval '10 months',now() - interval '28 minutes'),
('00000000-0000-0000-0000-000000001005','연남라이프','/api/item-images/cannon-eos-m50/image-01.webp','연남동',95,39.0,20,array['동네인증','응답 빨라요'],false,'연남동 근처에서 직거래 자주 해요.',now() - interval '11 months',now() - interval '35 minutes'),
('00000000-0000-0000-0000-000000001006','동교하우스','/api/item-images/nintendo-swtich/image-01.webp','동교동',96,39.5,24,array['친절해요','재거래 희망'],false,'동교동 근처에서 직거래 자주 해요.',now() - interval '12 months',now() - interval '42 minutes'),
('00000000-0000-0000-0000-000000001007','성산픽','/api/item-images/playstation-4/image-01.webp','성산동',97,40.0,28,array['동네인증','응답 빨라요'],false,'성산동 근처에서 직거래 자주 해요.',now() - interval '13 months',now() - interval '49 minutes'),
('00000000-0000-0000-0000-000000001008','당인리빙','/api/item-images/dyson-v8/image-01.webp','당인동',90,40.5,32,array['친절해요','재거래 희망'],false,'당인동 근처에서 직거래 자주 해요.',now() - interval '14 months',now() - interval '56 minutes');

insert into public.items (
  id, seller_id, title, description, price_value, price_currency, status, category, price_negotiable, town, posted_at, refreshed_at, view_count, likes_count, chats_count, meetup_place_name, meetup_place_address, meetup_place_lat, meetup_place_lng, meetup_distance_meters, sort_order, created_at, updated_at
) values
('00000000-0000-0000-0000-000000002001','00000000-0000-0000-0000-000000001001','아이폰 13 미드나이트 128GB','2년 정도 사용했고 기기변경하게 돼서 판매해요.항상 케이스랑 필름 붙이고 써서 전체적으로 상태 괜찮은 편입니다. 모서리 쪽에 생활기스 조금 있고 배터리 성능은 87퍼예요. Face ID랑 카메라 포함해서 기능 이상 없고, 실사용하시기엔 충분히 괜찮습니다.',430000,'KRW','active','디지털기기',true,'합정동','2026-04-08T09:20:00+09:00'::timestamptz,'2026-04-08T18:10:00+09:00'::timestamptz,128,14,6,'합정역 3번 출구','서울 마포구 양화로 55',37.5500,126.9138,180,1,now(),now()),
('00000000-0000-0000-0000-000000002002','00000000-0000-0000-0000-000000001002','갤럭시 S22 핑크골드 256GB','서브폰처럼 쓰던 거라 사용감이 아주 심하진 않아요.잔기스는 조금 있지만 액정 상태는 괜찮고 화면 터치나 카메라 다 문제없이 잘 됩니다. 초기화는 이미 해둔 상태고 박스는 없어서 본체만 드려요. 색상 예뻐서 여성분들이나 깔끔한 폰 찾는 분께 괜찮을 것 같아요.',350000,'KRW','active','디지털기기',true,'망원동','2026-04-07T20:10:00+09:00'::timestamptz,'2026-04-08T07:45:00+09:00'::timestamptz,102,11,5,'망원역 1번 출구','서울 마포구 월드컵로 79',37.5560,126.9101,240,2,now(),now()),
('00000000-0000-0000-0000-000000002003','00000000-0000-0000-0000-000000001003','아이패드 에어 4 스카이블루 64GB','필기용이랑 영상 보는 용도로만 사용했어요.게임이나 무거운 작업 거의 안 해서 상태 좋은 편이고, 외관도 전체적으로 깔끔합니다. 펜슬은 따로 없고 정품 충전기 같이 드려요. 공부용이나 영상 시청용으로 가볍게 쓰실 분이면 만족하실 것 같아요.',520000,'KRW','active','디지털기기',false,'서교동','2026-04-06T14:00:00+09:00'::timestamptz,'2026-04-08T12:20:00+09:00'::timestamptz,87,9,4,'메세나폴리스 정문 앞','서울 마포구 양화로 45',37.5513,126.9135,210,3,now(),now()),
('00000000-0000-0000-0000-000000002004','00000000-0000-0000-0000-000000001004','맥북 프로 M3 512/24','실사용 기간이 길지 않아 전체적으로 깔끔한 편입니다. 외관에 눈에 띄는 찍힘은 거의 없고, 배터리 상태도 좋아서 바로 사용하시기 무난해요. 충전기 포함해서 드리고 합정역 근처에서 거래 가능합니다.',1800000,'KRW','active','디지털기기',false,'합정동','2026-04-05T19:30:00+09:00'::timestamptz,'2026-04-07T21:05:00+09:00'::timestamptz,156,21,8,'합정역 1,2번 출구 사이','서울 마포구 양화로 45',37.5501,126.9136,180,4,now(),now()),
('00000000-0000-0000-0000-000000002005','00000000-0000-0000-0000-000000001005','캐논 EOS M50 미러리스 카메라','브이로그 찍어보려고 샀다가 요즘은 잘 안 써서 내놓아요.기본 렌즈 포함이고 배터리 2개 같이 드립니다. 실내 위주로 사용해서 외관 상태는 무난한 편이에요. 입문용 미러리스 찾는 분이나 가볍게 사진, 영상 찍고 싶으신 분께 잘 맞을 것 같아요.',460000,'KRW','active','디지털기기',true,'연남동','2026-04-07T11:15:00+09:00'::timestamptz,'2026-04-08T09:40:00+09:00'::timestamptz,111,13,7,'홍대입구역 3번 출구','서울 마포구 양화로 165',37.5573,126.9246,430,5,now(),now()),
('00000000-0000-0000-0000-000000002006','00000000-0000-0000-0000-000000001006','닌텐도 스위치 OLED 화이트','구매하고 초반에만 좀 하다가 거의 보관만 해뒀어요.조이콘 쏠림 없고 화면 상태도 괜찮습니다. 정품 독이랑 HDMI 케이블 같이 드려요. 박스는 보관 중이라 필요하시면 같이 챙겨드릴게요. 많이 안 써서 전체적으로 컨디션 좋은 편이고 바로 플레이 가능해요.',310000,'KRW','reserved','디지털기기',false,'동교동','2026-04-08T08:10:00+09:00'::timestamptz,'2026-04-08T13:55:00+09:00'::timestamptz,140,18,9,'홍대입구역 2번 출구','서울 마포구 양화로 188',37.5578,126.9253,390,6,now(),now()),
('00000000-0000-0000-0000-000000002007','00000000-0000-0000-0000-000000001007','플레이스테이션 4 프로 1TB','집에서 가끔 FIFA랑 액션게임 할 때만 썼어요.최근까지 정상 작동 확인했고 CD 읽는 것도 문제없습니다. 패드 1개 포함이고 본체 사용감은 조금 있지만 전체적으로 무난해요. PS 입문용이나 가볍게 즐기실 분께 추천드리고, 직거래 때 전원 켜서 확인도 가능해요.',220000,'KRW','active','디지털기기',true,'성산동','2026-04-06T21:50:00+09:00'::timestamptz,'2026-04-08T10:10:00+09:00'::timestamptz,93,10,4,'망원한강공원 입구','서울 마포구 마포나루길 467',37.5525,126.8999,650,7,now(),now()),
('00000000-0000-0000-0000-000000002008','00000000-0000-0000-0000-000000001008','다이슨 V8 무선청소기','혼자 살 때 집 청소용으로 사용하던 제품이에요.흡입력 아직 괜찮고 기본 청소할 때 불편함 없었습니다. 벽걸이 거치대도 같이 드려요. 새 제품처럼 완전 깨끗하진 않지만 사용감 대비 상태는 양호한 편이고, 원룸이나 투룸에서 쓰기엔 충분히 괜찮다고 생각해요.',170000,'KRW','active','생활가전',true,'당인동','2026-04-05T10:30:00+09:00'::timestamptz,'2026-04-07T19:20:00+09:00'::timestamptz,75,7,3,'당인리발전소 문화공원 앞','서울 마포구 토정로 56',37.5427,126.9192,520,8,now(),now()),
('00000000-0000-0000-0000-000000002009','00000000-0000-0000-0000-000000001001','샤오미 공기청정기 3H','봄에 미세먼지 심할 때랑 겨울철에 주로 틀어뒀어요.반려동물 없는 집에서 사용했고 필터는 한 번 교체했습니다. 소음 심하지 않고 앱 연동도 잘 됐어요. 큰 하자 없이 정상 작동하고, 자취방이나 작은 방에서 쓰기 딱 괜찮은 사이즈라 부담 없이 들이시기 좋을 것 같아요.',90000,'KRW','active','생활가전',false,'합정동','2026-04-08T07:25:00+09:00'::timestamptz,'2026-04-08T16:15:00+09:00'::timestamptz,64,6,2,'합정역 8번 출구','서울 마포구 양화로 72',37.5491,126.9146,260,9,now(),now()),
('00000000-0000-0000-0000-000000002010','00000000-0000-0000-0000-000000001002','삼성 전자레인지 23L','자취방에서 사용하던 전자레인지예요.주로 도시락 데우거나 냉동식품 돌릴 때만 써서 기능은 아주 잘 됩니다. 외관도 크게 눈에 띄는 오염은 없고 내부도 깨끗하게 닦아뒀어요. 이사하면서 가전 정리하는 거라 저렴하게 올리고, 바로 가져가셔서 쓰시기 무난한 제품이에요.',45000,'KRW','active','생활가전',false,'망원동','2026-04-04T18:40:00+09:00'::timestamptz,'2026-04-07T08:20:00+09:00'::timestamptz,59,5,2,'망원시장 정문 앞','서울 마포구 포은로8길 14',37.5574,126.9055,470,10,now(),now()),
('00000000-0000-0000-0000-000000002011','00000000-0000-0000-0000-000000001001','이케아 원목 책상 1200','공부할 때랑 노트북 올려두고 쓰던 책상입니다.상판에 생활기스는 조금 있지만 흔들림 없고 전체적으로 튼튼해요. 너무 크지도 작지도 않아서 원룸이나 작은 방에 두기 좋습니다. 직접 오셔서 보셔도 되고, 원목 느낌 좋아하시는 분이면 만족하실 것 같아요.',80000,'KRW','active','가구/인테리어',true,'합정동','2026-04-06T16:50:00+09:00'::timestamptz,'2026-04-08T11:05:00+09:00'::timestamptz,84,8,5,'합정역 3번 출구','서울 마포구 양화로 55',37.5500,126.9138,180,11,now(),now()),
('00000000-0000-0000-0000-000000002012','00000000-0000-0000-0000-000000001002','시디즈 학생용 의자 T50','재택근무할 때 사용하던 의자예요.허리 받쳐주는 느낌이 괜찮아서 오래 앉아 있을 때 편했습니다. 바퀴도 잘 굴러가고 높이 조절도 문제없어요. 쿠션이 완전 새것 같진 않지만 꺼짐 심하지 않고, 공부용이나 사무용 의자 찾으시면 충분히 만족하실 상태입니다.',120000,'KRW','active','가구/인테리어',true,'망원동','2026-04-07T09:45:00+09:00'::timestamptz,'2026-04-08T14:00:00+09:00'::timestamptz,97,12,5,'망원역 1번 출구','서울 마포구 월드컵로 79',37.5560,126.9101,240,12,now(),now()),
('00000000-0000-0000-0000-000000002013','00000000-0000-0000-0000-000000001003','화이트 협탁 2단 서랍형','침대 옆에 두고 휴지나 충전기 넣어두는 용도로 썼어요.서랍 여닫는 것도 부드럽고 사용하는 데 문제 전혀 없습니다. 위쪽에 작은 생활기스는 조금 있는데 눈에 크게 거슬리는 정도는 아니에요. 방 정리하면서 가구 줄이는 중이라 내놓고, 화이트톤 가구 찾으시면 잘 맞을 것 같아요.',30000,'KRW','active','가구/인테리어',false,'서교동','2026-04-05T12:15:00+09:00'::timestamptz,'2026-04-07T22:30:00+09:00'::timestamptz,48,4,1,'메세나폴리스 정문 앞','서울 마포구 양화로 45',37.5513,126.9135,210,13,now(),now()),
('00000000-0000-0000-0000-000000002014','00000000-0000-0000-0000-000000001004','전신거울 1500 화이트','원룸 현관 쪽에 세워두고 사용하던 전신거울이에요.크게 금 간 곳 없고 거울 왜곡도 없습니다. 프레임 쪽에 사용감 약간 있지만 전체적으로는 깔끔한 편이에요. 자취방이나 드레스룸에 두기 좋은 기본 스타일이고, 가볍게 쓰실 전신거울 찾으시는 분께 추천드려요.',25000,'KRW','active','가구/인테리어',false,'상수동','2026-04-08T10:05:00+09:00'::timestamptz,'2026-04-08T10:05:00+09:00'::timestamptz,52,3,2,'상수역 1번 출구','서울 마포구 독막로 85',37.5478,126.9228,320,14,now(),now()),
('00000000-0000-0000-0000-000000002015','00000000-0000-0000-0000-000000001005','쿠쿠 6인용 전기밥솥','혼자 살 때 밥 해먹으려고 샀던 제품입니다.취사랑 보온 기능 다 정상이고 고장 난 적 없어요. 바깥쪽은 깨끗한 편이고 안쪽도 세척해둔 상태입니다. 1인 가구나 2인 가구에서 쓰기 무난하고, 너무 큰 밥솥 말고 적당한 크기 찾으시는 분께 잘 맞을 것 같아요.',70000,'KRW','active','생활가전',true,'연남동','2026-04-06T08:55:00+09:00'::timestamptz,'2026-04-07T17:35:00+09:00'::timestamptz,68,6,3,'홍대입구역 3번 출구','서울 마포구 양화로 165',37.5573,126.9246,430,15,now(),now()),
('00000000-0000-0000-0000-000000002016','00000000-0000-0000-0000-000000001006','한샘 식기건조대 2단','싱크대 위에 올려놓고 쓰던 식기건조대예요.녹슨 부분 없고 물받이도 같이 있습니다. 1년 정도 사용했는데 크게 망가진 곳 없고 분리해서 세척도 가능해요. 자취 시작하시는 분이나 주방 정리용으로 필요하신 분이면 가성비 있게 쓰실 수 있을 것 같습니다.',18000,'KRW','active','생활/주방',false,'동교동','2026-04-04T21:10:00+09:00'::timestamptz,'2026-04-06T19:00:00+09:00'::timestamptz,34,2,1,'홍대입구역 2번 출구','서울 마포구 양화로 188',37.5578,126.9253,390,16,now(),now()),
('00000000-0000-0000-0000-000000002017','00000000-0000-0000-0000-000000001007','발뮤다 전기주전자 화이트','디자인 예뻐서 만족하면서 쓰던 제품인데 이사 때문에 정리해요.물 끓는 속도 빠르고 따를 때도 불편함 없었습니다. 생활가전이다 보니 사용감은 조금 있지만 전체적으로 깔끔하고 기능도 잘 돼요. 화이트 가전 좋아하시거나 감성 있는 주방가전 찾는 분이면 좋아하실 것 같아요.',85000,'KRW','active','생활가전',false,'성산동','2026-04-07T13:20:00+09:00'::timestamptz,'2026-04-08T08:15:00+09:00'::timestamptz,79,9,4,'망원한강공원 입구','서울 마포구 마포나루길 467',37.5525,126.8999,650,17,now(),now()),
('00000000-0000-0000-0000-000000002018','00000000-0000-0000-0000-000000001008','야마하 어쿠스틱 기타','예전에 취미로 배우려고 샀다가 몇 번 치고 보관만 했어요.전문적으로 쓰던 건 아니라 상태는 무난하고, 가볍게 연습하실 분께 잘 맞을 것 같아요. 가방이랑 튜너도 같이 드립니다. 입문용으로 부담 없이 시작해보고 싶은 분이나 집에서 취미용으로 쓰실 분께 추천드려요.',95000,'KRW','active','취미/게임/음반',true,'당인동','2026-04-05T17:05:00+09:00'::timestamptz,'2026-04-07T15:45:00+09:00'::timestamptz,88,7,4,'당인리발전소 문화공원 앞','서울 마포구 토정로 56',37.5427,126.9192,520,18,now(),now()),
('00000000-0000-0000-0000-000000002019','00000000-0000-0000-0000-000000001001','할리갈리','집에서 가족들이랑 놀 때 사용하던 보드게임이에요.박스에 사용감은 좀 있지만 게임하는 데 문제는 없어요. 아이들이랑 놀기에도 괜찮고 친구들 모였을 때 가볍게 하기 좋은 게임들 위주라 활용도 괜찮습니다.',40000,'KRW','active','취미/게임/음반',false,'합정동','2026-04-08T06:50:00+09:00'::timestamptz,'2026-04-08T17:00:00+09:00'::timestamptz,57,6,2,'합정역 8번 출구','서울 마포구 양화로 72',37.5491,126.9146,260,19,now(),now()),
('00000000-0000-0000-0000-000000002020','00000000-0000-0000-0000-000000001002','해리포터 원서 세트 1-7권','예전에 소장하려고 구매했던 책 세트예요.전체적으로 책 상태 양호하고 찢김이나 심한 오염 없습니다. 필기나 밑줄도 없어요. 박스는 없지만 책 자체는 깔끔하게 보관해둬서 소장용으로도 괜찮습니다. 영어 공부 겸 읽으실 분이나 해리포터 좋아하시는 분께 추천드려요.',55000,'KRW','active','도서',false,'망원동','2026-04-03T20:40:00+09:00'::timestamptz,'2026-04-06T10:50:00+09:00'::timestamptz,41,3,1,'망원시장 정문 앞','서울 마포구 포은로8길 14',37.5574,126.9055,470,20,now(),now()),
('00000000-0000-0000-0000-000000002021','00000000-0000-0000-0000-000000001001','유아 원목 책상 의자 세트','아이가 사용하던 책상 의자 세트예요.낙서나 사용감은 조금 있지만 아직 튼튼하고 사용하기에 문제없습니다. 키 작은 아이들이 앉기 좋은 높이고, 그림 그리거나 책 볼 때 잘 썼어요. 새것처럼 예민하게 보시는 분보다는 실사용 위주로 찾으시는 분께 더 잘 맞을 것 같아요.',60000,'KRW','active','유아동',true,'합정동','2026-04-07T15:10:00+09:00'::timestamptz,'2026-04-08T09:25:00+09:00'::timestamptz,63,5,3,'합정역 3번 출구','서울 마포구 양화로 55',37.5500,126.9138,180,21,now(),now()),
('00000000-0000-0000-0000-000000002022','00000000-0000-0000-0000-000000001002','어린이용 킥보드','아이 타던 킥보드인데 이제는 잘 안 타서 판매해요.바퀴 잘 굴러가고 브레이크도 정상입니다. 바깥에서 타던 거라 사용감은 있지만 아직 튼튼해요. 접이식이라 보관하기도 편하고, 초등학생이 동네에서 가볍게 타기 괜찮습니다. 직접 보시고 결정하셔도 됩니다.',35000,'KRW','active','유아동',true,'망원동','2026-04-06T11:35:00+09:00'::timestamptz,'2026-04-07T18:25:00+09:00'::timestamptz,46,4,2,'망원역 1번 출구','서울 마포구 월드컵로 79',37.5560,126.9101,240,22,now(),now()),
('00000000-0000-0000-0000-000000002023','00000000-0000-0000-0000-000000001003','코치 여성 숄더백','예전에 데일리백으로 들던 가방인데 요즘 손이 안 가서 정리해요.가죽 특성상 사용감은 조금 있지만 큰 까짐이나 찢어짐은 없습니다. 수납도 꽤 되는 편이라 실사용하기 좋아요. 너무 유행 타는 스타일은 아니라 무난하게 들기 좋고, 브랜드 가방 부담 없이 써보고 싶은 분께 추천드려요.',65000,'KRW','active','패션/잡화',false,'서교동','2026-04-05T09:10:00+09:00'::timestamptz,'2026-04-06T21:10:00+09:00'::timestamptz,72,8,3,'메세나폴리스 정문 앞','서울 마포구 양화로 45',37.5513,126.9135,210,23,now(),now()),
('00000000-0000-0000-0000-000000002024','00000000-0000-0000-0000-000000001004','나이키 에어포스 1 240 화이트','실착 몇 번 했던 신발이에요.화이트라서 사용감이나 오염은 조금 보이지만 밑창 닳음은 심하지 않습니다. 세탁해서 신으시면 더 깔끔하게 신을 수 있을 것 같아요. 기본템처럼 어디에나 잘 어울리는 디자인이라 평소 데일리 운동화 찾으시는 분께 괜찮을 것 같아요.',50000,'KRW','active','패션/잡화',true,'상수동','2026-04-08T09:55:00+09:00'::timestamptz,'2026-04-08T15:35:00+09:00'::timestamptz,91,10,5,'상수역 1번 출구','서울 마포구 독막로 85',37.5478,126.9228,320,24,now(),now()),
('00000000-0000-0000-0000-000000002025','00000000-0000-0000-0000-000000001005','핸드메이드 울 코트 베이지','겨울에 몇 번 입고 드라이 맡긴 뒤 보관 중이던 코트예요.핸드메이드라 가볍고 핏도 예쁜 편입니다. 베이지 컬러라 무난하게 여기저기 잘 어울려요. 눈에 띄는 하자는 없고 상태도 전체적으로 괜찮습니다. 출근룩이나 깔끔한 겨울 코트 찾으시는 분이면 만족하실 것 같아요.',78000,'KRW','active','패션/잡화',true,'연남동','2026-04-04T16:20:00+09:00'::timestamptz,'2026-04-07T09:15:00+09:00'::timestamptz,66,7,2,'홍대입구역 3번 출구','서울 마포구 양화로 165',37.5573,126.9246,430,25,now(),now()),
('00000000-0000-0000-0000-000000002026','00000000-0000-0000-0000-000000001006','조절식 덤벨','홈트 해보려고 샀는데 생각보다 잘 안 쓰게 돼서 판매합니다.무게 조절핀 다 있고 분실된 구성 없습니다. 집에서 간단하게 운동하기엔 충분하고, 헬스장 등록 전 가볍게 시작해보실 분께 괜찮아요. 사용감은 조금 있지만 기능 문제 없고 바로 운동 가능하게 정리해뒀습니다.',90000,'KRW','active','스포츠/레저',false,'동교동','2026-04-06T20:05:00+09:00'::timestamptz,'2026-04-08T08:40:00+09:00'::timestamptz,74,8,4,'홍대입구역 2번 출구','서울 마포구 양화로 188',37.5578,126.9253,390,26,now(),now()),
('00000000-0000-0000-0000-000000002027','00000000-0000-0000-0000-000000001007','캠핑 접이식 의자','캠핑 갔을 때 몇 번 사용한 접이식 의자예요.차 트렁크에 넣어두고 다니기 편하고, 펼치고 접는 것도 어렵지 않습니다. 사용감은 조금 있지만 프레임 튼튼하고 앉는 데 불편함 없어요. 캠핑 입문용이나 피크닉 갈 때 가볍게 쓸 의자 찾으시는 분께 잘 맞을 것 같습니다.',28000,'KRW','active','스포츠/레저',false,'성산동','2026-04-05T14:55:00+09:00'::timestamptz,'2026-04-07T13:05:00+09:00'::timestamptz,39,3,1,'망원한강공원 입구','서울 마포구 마포나루길 467',37.5525,126.8999,650,27,now(),now()),
('00000000-0000-0000-0000-000000002028','00000000-0000-0000-0000-000000001008','알톤 하이브리드 자전거 21단','출퇴근용으로 타던 자전거인데 이사 후엔 탈 일이 없어져서 판매해요.기어 변속 잘 되고 브레이크도 최근 점검받았습니다. 사용감은 당연히 조금 있지만 전체적으로는 무난한 편이고, 동네 이동이나 가벼운 라이딩용으로 좋습니다. 직접 보시고 시승 느낌 정도는 확인하셔도 괜찮아요.',180000,'KRW','active','스포츠/레저',true,'당인동','2026-04-07T07:40:00+09:00'::timestamptz,'2026-04-08T12:50:00+09:00'::timestamptz,98,11,6,'당인리발전소 문화공원 앞','서울 마포구 토정로 56',37.5427,126.9192,520,28,now(),now()),
('00000000-0000-0000-0000-000000002029','00000000-0000-0000-0000-000000001001','LG 27인치 모니터 QHD','사무용으로 사용하던 모니터예요.화면 번짐이나 줄 가는 현상 없고 선명하게 잘 나옵니다. 문서 작업이나 영상 보기 다 무난했고, QHD라서 확실히 화면 넓게 쓰기 좋았어요. 구성품은 전원선만 있고 박스는 없습니다. 재택용이나 서브 모니터 찾으시면 괜찮은 선택일 거예요.',160000,'KRW','active','디지털기기',false,'합정동','2026-04-06T13:25:00+09:00'::timestamptz,'2026-04-07T20:20:00+09:00'::timestamptz,82,9,4,'합정역 8번 출구','서울 마포구 양화로 72',37.5491,126.9146,260,29,now(),now()),
('00000000-0000-0000-0000-000000002030','00000000-0000-0000-0000-000000001002','브리츠 블루투스 스피커 BA-C1','집에서 음악 틀어두는 용도로 쓰던 스피커입니다.크기가 작아서 책상 위에 두기 좋고 블루투스 연결도 잘 됩니다. 배터리도 아직 괜찮은 편이고, 소리도 생각보다 빵빵하게 나와요. 완전 고가 제품처럼 디테일한 음질은 아니지만 가볍게 듣기엔 충분히 만족스러운 제품이었습니다.',30000,'KRW','active','디지털기기',false,'망원동','2026-04-08T11:40:00+09:00'::timestamptz,'2026-04-08T11:40:00+09:00'::timestamptz,44,4,1,'망원시장 정문 앞','서울 마포구 포은로8길 14',37.5574,126.9055,470,30,now(),now());

with ranked_items as (
  select
    id,
    row_number() over (order by md5(id::text)) as row_number,
    count(*) over () as total_count
  from public.items
)
update public.items as items
set
  meetup_place_name = null,
  meetup_place_address = null,
  meetup_place_lat = null,
  meetup_place_lng = null,
  meetup_distance_meters = null
from ranked_items
where items.id = ranked_items.id
  and ranked_items.row_number <= floor(ranked_items.total_count / 2.0);

insert into public.item_images (id, item_id, image_url, sort_order, created_at) values
('00000000-0000-0000-0000-000000003001','00000000-0000-0000-0000-000000002001','/api/item-images/iphone-13/image-01.webp',0,now()),
('00000000-0000-0000-0000-000000003002','00000000-0000-0000-0000-000000002001','/api/item-images/iphone-13/image-02.webp',1,now()),
('00000000-0000-0000-0000-000000003003','00000000-0000-0000-0000-000000002002','/api/item-images/galaxy-s22/image-01.webp',0,now()),
('00000000-0000-0000-0000-000000003004','00000000-0000-0000-0000-000000002002','/api/item-images/galaxy-s22/image-02.webp',1,now()),
('00000000-0000-0000-0000-000000003005','00000000-0000-0000-0000-000000002002','/api/item-images/galaxy-s22/image-03.webp',2,now()),
('00000000-0000-0000-0000-000000003006','00000000-0000-0000-0000-000000002003','/api/item-images/ipad-air/image-01.webp',0,now()),
('00000000-0000-0000-0000-000000003007','00000000-0000-0000-0000-000000002003','/api/item-images/ipad-air/image-02.webp',1,now()),
('00000000-0000-0000-0000-000000003008','00000000-0000-0000-0000-000000002004','/api/item-images/macbook-air-m1/image-01.webp',0,now()),
('00000000-0000-0000-0000-000000003009','00000000-0000-0000-0000-000000002004','/api/item-images/macbook-air-m1/image-02.webp',1,now()),
('00000000-0000-0000-0000-000000003010','00000000-0000-0000-0000-000000002005','/api/item-images/cannon-eos-m50/image-01.webp',0,now()),
('00000000-0000-0000-0000-000000003011','00000000-0000-0000-0000-000000002005','/api/item-images/cannon-eos-m50/image-02.webp',1,now()),
('00000000-0000-0000-0000-000000003012','00000000-0000-0000-0000-000000002006','/api/item-images/nintendo-swtich/image-01.webp',0,now()),
('00000000-0000-0000-0000-000000003013','00000000-0000-0000-0000-000000002007','/api/item-images/playstation-4/image-01.webp',0,now()),
('00000000-0000-0000-0000-000000003014','00000000-0000-0000-0000-000000002008','/api/item-images/dyson-v8/image-01.webp',0,now()),
('00000000-0000-0000-0000-000000003015','00000000-0000-0000-0000-000000002009','/api/item-images/xiaomi-3h/image-01.webp',0,now()),
('00000000-0000-0000-0000-000000003016','00000000-0000-0000-0000-000000002009','/api/item-images/xiaomi-3h/image-02.webp',1,now()),
('00000000-0000-0000-0000-000000003017','00000000-0000-0000-0000-000000002010','/api/item-images/samsung/image-01.webp',0,now()),
('00000000-0000-0000-0000-000000003018','00000000-0000-0000-0000-000000002011','/api/item-images/ikea/image-01.webp',0,now()),
('00000000-0000-0000-0000-000000003019','00000000-0000-0000-0000-000000002012','/api/item-images/t50/image-01.webp',0,now()),
('00000000-0000-0000-0000-000000003020','00000000-0000-0000-0000-000000002012','/api/item-images/t50/image-02.webp',1,now()),
('00000000-0000-0000-0000-000000003021','00000000-0000-0000-0000-000000002013','/api/item-images/item-08a2aaaa/image-01.webp',0,now()),
('00000000-0000-0000-0000-000000003022','00000000-0000-0000-0000-000000002014','/api/item-images/item-7841fb1f/image-01.webp',0,now()),
('00000000-0000-0000-0000-000000003023','00000000-0000-0000-0000-000000002015','/api/item-images/item-c1dfd96e/image-01.webp',0,now()),
('00000000-0000-0000-0000-000000003024','00000000-0000-0000-0000-000000002015','/api/item-images/item-c1dfd96e/image-02.webp',1,now()),
('00000000-0000-0000-0000-000000003025','00000000-0000-0000-0000-000000002016','/api/item-images/item-da4b9237/image-01.webp',0,now()),
('00000000-0000-0000-0000-000000003026','00000000-0000-0000-0000-000000002017','/api/item-images/item-7bf0a9f6/image-01.webp',0,now()),
('00000000-0000-0000-0000-000000003027','00000000-0000-0000-0000-000000002017','/api/item-images/item-7bf0a9f6/image-02.webp',1,now()),
('00000000-0000-0000-0000-000000003028','00000000-0000-0000-0000-000000002018','/api/item-images/item-f4c42fad/image-01.webp',0,now()),
('00000000-0000-0000-0000-000000003029','00000000-0000-0000-0000-000000002019','/api/item-images/item-838c79d2/image-01.webp',0,now()),
('00000000-0000-0000-0000-000000003030','00000000-0000-0000-0000-000000002020','/api/item-images/item-05c2e7d7/image-01.webp',0,now()),
('00000000-0000-0000-0000-000000003031','00000000-0000-0000-0000-000000002020','/api/item-images/item-05c2e7d7/image-02.webp',1,now()),
('00000000-0000-0000-0000-000000003032','00000000-0000-0000-0000-000000002021','/api/item-images/item-0a563c90/image-01.webp',0,now()),
('00000000-0000-0000-0000-000000003033','00000000-0000-0000-0000-000000002021','/api/item-images/item-0a563c90/image-02.webp',1,now()),
('00000000-0000-0000-0000-000000003034','00000000-0000-0000-0000-000000002022','/api/item-images/item-f59a22db/image-01.webp',0,now()),
('00000000-0000-0000-0000-000000003035','00000000-0000-0000-0000-000000002022','/api/item-images/item-f59a22db/image-02.webp',1,now()),
('00000000-0000-0000-0000-000000003036','00000000-0000-0000-0000-000000002023','/api/item-images/item-baa36087/image-01.webp',0,now()),
('00000000-0000-0000-0000-000000003037','00000000-0000-0000-0000-000000002024','/api/item-images/item-ecaa5b39/image-01.webp',0,now()),
('00000000-0000-0000-0000-000000003038','00000000-0000-0000-0000-000000002024','/api/item-images/item-ecaa5b39/image-02.webp',1,now()),
('00000000-0000-0000-0000-000000003039','00000000-0000-0000-0000-000000002025','/api/item-images/item-432ae55e/image-01.webp',0,now()),
('00000000-0000-0000-0000-000000003040','00000000-0000-0000-0000-000000002025','/api/item-images/item-432ae55e/image-02.webp',1,now()),
('00000000-0000-0000-0000-000000003041','00000000-0000-0000-0000-000000002026','/api/item-images/item-149ede51/image-01.webp',0,now()),
('00000000-0000-0000-0000-000000003042','00000000-0000-0000-0000-000000002027','/api/item-images/item-e5584e3e/image-01.webp',0,now()),
('00000000-0000-0000-0000-000000003043','00000000-0000-0000-0000-000000002028','/api/item-images/item-472b07b9/image-01.webp',0,now()),
('00000000-0000-0000-0000-000000003044','00000000-0000-0000-0000-000000002029','/api/item-images/lg-27/image-01.webp',0,now()),
('00000000-0000-0000-0000-000000003045','00000000-0000-0000-0000-000000002029','/api/item-images/lg-27/image-02.webp',1,now()),
('00000000-0000-0000-0000-000000003046','00000000-0000-0000-0000-000000002030','/api/item-images/ba-c1/image-01.webp',0,now()),
('00000000-0000-0000-0000-000000003047','00000000-0000-0000-0000-000000002030','/api/item-images/ba-c1/image-02.webp',1,now());

insert into public.chat_threads (
  id, item_id, seller_id, buyer_id, buyer_name, status, last_seen_label, response_label, updated_at_label, last_message_preview, last_message_at, created_at, updated_at
) values
('00000000-0000-0000-0000-000000004001','00000000-0000-0000-0000-000000002001','00000000-0000-0000-0000-000000001001','00000000-0000-0000-0000-000000001000','당근하트','active','방금','보통 10분 이내 응답','방금','네 가능해요. 그럼 내일 저녁 합정역에서 42만원에 거래하는 걸로 할게요.','2026-04-14T10:08:00+09:00'::timestamptz,'2026-04-14T09:55:00+09:00'::timestamptz,'2026-04-14T10:08:00+09:00'::timestamptz),
('00000000-0000-0000-0000-000000004002','00000000-0000-0000-0000-000000002002','00000000-0000-0000-0000-000000001002','00000000-0000-0000-0000-000000001000','당근하트','active','3분 전','평균 15분 이내 응답','3분 전','네 괜찮아요. 내일 저녁에 망원역 근처에서 34만원에 거래하는 걸로 하죠.','2026-04-14T10:18:00+09:00'::timestamptz,'2026-04-14T10:04:00+09:00'::timestamptz,'2026-04-14T10:18:00+09:00'::timestamptz),
('00000000-0000-0000-0000-000000004003','00000000-0000-0000-0000-000000002003','00000000-0000-0000-0000-000000001003','00000000-0000-0000-0000-000000001000','당근하트','active','7분 전','평균 20분 이내 응답','7분 전','네 가능해요. 내일 저녁 상수역 근처에서 50만원에 거래하는 걸로 할게요.','2026-04-14T10:28:00+09:00'::timestamptz,'2026-04-14T10:12:00+09:00'::timestamptz,'2026-04-14T10:28:00+09:00'::timestamptz);

insert into public.chat_messages (
  id, thread_id, sender_id, message_type, body, sent_at_label, sort_order, created_at
) values
('00000000-0000-0000-0000-000000005001','00000000-0000-0000-0000-000000004001','00000000-0000-0000-0000-000000001000','buyer','안녕하세요 혹시 아직 있을까요? 실사용하시던 거면 상태가 어느 정도인지 궁금해요.','오전 10:01',0,'2026-04-14T10:01:00+09:00'::timestamptz),
('00000000-0000-0000-0000-000000005002','00000000-0000-0000-0000-000000004001','00000000-0000-0000-0000-000000001001','seller','네 있어요. 배터리 효율 87%고 테두리에 생활기스는 조금 있는데, 화면이랑 카메라는 깔끔한 편이에요.','오전 10:03',1,'2026-04-14T10:03:00+09:00'::timestamptz),
('00000000-0000-0000-0000-000000005003','00000000-0000-0000-0000-000000004001','00000000-0000-0000-0000-000000001000','buyer','아 그 정도면 괜찮네요. 가격도 보고 연락드린 건데 41만원까지는 어려우실까요?','오전 10:06',2,'2026-04-14T10:06:00+09:00'::timestamptz),
('00000000-0000-0000-0000-000000005004','00000000-0000-0000-0000-000000004001','00000000-0000-0000-0000-000000001001','seller','41만원은 조금 어렵고요, 많이 말고 조금은 조정 가능해요.','오전 10:07',3,'2026-04-14T10:07:00+09:00'::timestamptz),
('00000000-0000-0000-0000-000000005005','00000000-0000-0000-0000-000000004001','00000000-0000-0000-0000-000000001000','buyer','그러면 42만원이면 괜찮을 것 같아요. 내일 저녁에 합정역 근처 가능하실까요?','오전 10:08',4,'2026-04-14T10:08:00+09:00'::timestamptz),
('00000000-0000-0000-0000-000000005006','00000000-0000-0000-0000-000000004001','00000000-0000-0000-0000-000000001001','seller','네 가능해요. 그럼 내일 저녁 합정역에서 42만원에 거래하는 걸로 할게요.','오전 10:09',5,'2026-04-14T10:09:00+09:00'::timestamptz),
('00000000-0000-0000-0000-000000005007','00000000-0000-0000-0000-000000004002','00000000-0000-0000-0000-000000001000','buyer','안녕하세요 오늘 올리신 거 보고 바로 연락드렸어요. 아직 안 팔렸죠?','오전 10:11',0,'2026-04-14T10:11:00+09:00'::timestamptz),
('00000000-0000-0000-0000-000000005008','00000000-0000-0000-0000-000000004002','00000000-0000-0000-0000-000000001002','seller','네 아직 있어요. 잔기스는 조금 있는데 심한 찍힘은 없고, 박스도 같이 드릴 수 있어요.','오전 10:13',1,'2026-04-14T10:13:00+09:00'::timestamptz),
('00000000-0000-0000-0000-000000005009','00000000-0000-0000-0000-000000004002','00000000-0000-0000-0000-000000001000','buyer','좋아요. 제가 빠르게 직거래 가능해서 그런데 33만원 정도는 가능하실까요?','오전 10:15',2,'2026-04-14T10:15:00+09:00'::timestamptz),
('00000000-0000-0000-0000-000000005010','00000000-0000-0000-0000-000000004002','00000000-0000-0000-0000-000000001002','seller','33만원까지는 어렵고 34만원이면 가능해요.','오전 10:16',3,'2026-04-14T10:16:00+09:00'::timestamptz),
('00000000-0000-0000-0000-000000005011','00000000-0000-0000-0000-000000004002','00000000-0000-0000-0000-000000001000','buyer','네 그럼 34만원에 할게요. 내일 저녁 망원역 근처에서 가능하실까요?','오전 10:17',4,'2026-04-14T10:17:00+09:00'::timestamptz),
('00000000-0000-0000-0000-000000005012','00000000-0000-0000-0000-000000004002','00000000-0000-0000-0000-000000001002','seller','네 괜찮아요. 내일 저녁에 망원역 근처에서 34만원에 거래하는 걸로 하죠.','오전 10:18',5,'2026-04-14T10:18:00+09:00'::timestamptz),
('00000000-0000-0000-0000-000000005013','00000000-0000-0000-0000-000000004003','00000000-0000-0000-0000-000000001000','buyer','안녕하세요 사진이 깔끔해서 연락드려요. 아직 거래 가능할까요?','오전 10:21',0,'2026-04-14T10:21:00+09:00'::timestamptz),
('00000000-0000-0000-0000-000000005014','00000000-0000-0000-0000-000000004003','00000000-0000-0000-0000-000000001003','seller','네 가능해요. 기기 상태는 괜찮고, 펜슬은 없어요. 아이패드 본체랑 케이스만 같이 드려요.','오전 10:23',1,'2026-04-14T10:23:00+09:00'::timestamptz),
('00000000-0000-0000-0000-000000005015','00000000-0000-0000-0000-000000004003','00000000-0000-0000-0000-000000001000','buyer','아 확인했습니다. 혹시 가격은 49만원 정도로 맞춰주실 수 있을까요?','오전 10:25',2,'2026-04-14T10:25:00+09:00'::timestamptz),
('00000000-0000-0000-0000-000000005016','00000000-0000-0000-0000-000000004003','00000000-0000-0000-0000-000000001003','seller','49만원은 조금 아쉽고 50만원까지는 가능해요.','오전 10:26',3,'2026-04-14T10:26:00+09:00'::timestamptz),
('00000000-0000-0000-0000-000000005017','00000000-0000-0000-0000-000000004003','00000000-0000-0000-0000-000000001000','buyer','네 50이면 괜찮아요. 그럼 내일 저녁에 상수역 근처에서 볼 수 있을까요?','오전 10:27',4,'2026-04-14T10:27:00+09:00'::timestamptz),
('00000000-0000-0000-0000-000000005018','00000000-0000-0000-0000-000000004003','00000000-0000-0000-0000-000000001003','seller','네 가능해요. 내일 저녁 상수역 근처에서 50만원에 거래하는 걸로 할게요.','오전 10:28',5,'2026-04-14T10:28:00+09:00'::timestamptz);

insert into public.businesses (
  id, name, category, road_address, lat, lng, phone_number, business_hours_text, town_label, rating, review_count, updated_at
) values
('biz_001','합정베이글클럽','카페/베이커리','서울 마포구 양화로6길 12',37.55082,126.91473,'02-0000-1001','매일 08:00 - 19:00','합정동',4.6,128,'2026-04-12T10:30:00+09:00'::timestamptz),
('biz_002','서교순두부식당','음식점','서울 마포구 독막로3길 24',37.54991,126.9181,'02-0000-1002','매일 11:00 - 21:30','서교동',4.4,86,'2026-04-12T09:40:00+09:00'::timestamptz),
('biz_003','망원클린24','생활 서비스','서울 마포구 포은로 89',37.55521,126.90891,'02-0000-1003','월-토 09:00 - 20:00','망원동',4.3,41,'2026-04-11T18:10:00+09:00'::timestamptz),
('biz_004','합정필라테스랩','운동','서울 마포구 독막로 41',37.54924,126.91284,'02-0000-1004','평일 07:00 - 22:00 / 토 09:00 - 15:00','합정동',4.3,59,'2026-04-12T08:55:00+09:00'::timestamptz),
('biz_005','홍대앞네일무드','뷰티','서울 마포구 잔다리로2길 31',37.55133,126.91741,'02-0000-1005','매일 10:30 - 20:30','서교동',4.4,74,'2026-04-12T11:05:00+09:00'::timestamptz),
('biz_006','서교커피스탠드','카페/베이커리','서울 마포구 월드컵로1길 14',37.55548,126.91392,'02-0000-1006','매일 09:00 - 22:00','서교동',4.5,112,'2026-04-12T10:10:00+09:00'::timestamptz),
('biz_007','합정돈가스정원','음식점','서울 마포구 성지길 27',37.55208,126.91162,'02-0000-1007','매일 11:30 - 20:30','합정동',4.5,165,'2026-04-12T09:15:00+09:00'::timestamptz),
('biz_008','망원요가하우스','운동','서울 마포구 월드컵로23길 18',37.55614,126.91077,'02-0000-1008','평일 08:00 - 21:30 / 주말 10:00 - 14:00','망원동',4.3,52,'2026-04-11T20:40:00+09:00'::timestamptz),
('biz_009','합정꽃길미용실','뷰티','서울 마포구 양화로1길 21',37.54892,126.91421,'02-0000-1009','매일 10:00 - 20:00','합정동',4.3,91,'2026-04-12T12:00:00+09:00'::timestamptz),
('biz_010','서교생활수선','생활 서비스','서울 마포구 잔다리로6길 9',37.55367,126.91628,'02-0000-1010','월-토 10:00 - 19:30','서교동',4.4,28,'2026-04-10T17:20:00+09:00'::timestamptz),
('biz_011','망원붕어빵앞','음식점','서울 마포구 희우정로 77',37.55488,126.90984,'02-0000-1011','동절기 한정 15:00 - 21:00','망원동',4.2,33,'2026-04-12T18:10:00+09:00'::timestamptz),
('biz_012','합정스몰마트','생활 서비스','서울 마포구 포은로2나길 11',37.55176,126.90992,'02-0000-1012','매일 09:00 - 23:00','합정동',4.2,19,'2026-04-11T21:25:00+09:00'::timestamptz),
('biz_013','서교브런치로프','음식점','서울 마포구 독막로9길 32',37.54877,126.91672,'02-0000-1013','매일 10:00 - 18:00','서교동',4.4,138,'2026-04-12T10:55:00+09:00'::timestamptz),
('biz_014','망원헬스스테이션','운동','서울 마포구 월드컵로29길 27',37.55702,126.91144,'02-0000-1014','평일 06:00 - 24:00 / 주말 09:00 - 20:00','망원동',4.3,67,'2026-04-12T07:50:00+09:00'::timestamptz),
('biz_015','합정분식연구소','음식점','서울 마포구 양화로7길 6',37.55128,126.91537,'02-0000-1015','매일 11:00 - 21:00','합정동',4.4,73,'2026-04-12T13:05:00+09:00'::timestamptz),
('biz_016','서교사진관오늘','생활 서비스','서울 마포구 어울마당로5길 18',37.55311,126.91846,'02-0000-1016','매일 10:00 - 19:00','서교동',4.2,47,'2026-04-11T16:15:00+09:00'::timestamptz),
('biz_017','망원베이크하우스','카페/베이커리','서울 마포구 희우정로10길 25',37.55437,126.91051,'02-0000-1017','매일 10:00 - 21:00','망원동',4.2,95,'2026-04-12T11:50:00+09:00'::timestamptz),
('biz_018','합정정형케어의원','의료','서울 마포구 양화로 48',37.55011,126.91358,'02-0000-1018','평일 09:00 - 18:30 / 토 09:00 - 13:00','합정동',4.3,58,'2026-04-10T14:25:00+09:00'::timestamptz),
('biz_019','서교반려미용실','생활 서비스','서울 마포구 동교로12길 44',37.55628,126.91601,'02-0000-1019','화-일 10:00 - 19:00','서교동',4.3,36,'2026-04-12T09:35:00+09:00'::timestamptz),
('biz_020','합정일본가정식온기','음식점','서울 마포구 토정로 18',37.54963,126.91088,'02-0000-1020','매일 11:30 - 21:00','합정동',4.7,121,'2026-04-12T10:45:00+09:00'::timestamptz);

insert into public.home_native_ads (
  title, feature, image_url, destination, likes_count, placement_key, sort_order, created_at, updated_at
) values
('우리 동네에 뭐가 생겼는지 지금 바로 둘러보세요 👀','동네지도','https://udazzhluazlmcsbdbhzo.supabase.co/storage/v1/object/public/home-native-ads/town-map/town-map-ad-01.webp','동네지도',41,'home_feed_inline',1,'2026-04-13T19:02:15+09:00'::timestamptz,'2026-04-13T19:02:15+09:00'::timestamptz),
('이웃들은 요즘 어떤 생활 이야기를 나누는지 들어보세요 💬','동네 생활','https://udazzhluazlmcsbdbhzo.supabase.co/storage/v1/object/public/home-native-ads/town-life/town-life-ad-01.webp','동네 생활',27,'home_feed_inline',2,'2026-04-13T19:03:00+09:00'::timestamptz,'2026-04-13T19:03:00+09:00'::timestamptz),
('이번 주말, 같이할 사람 있는 모임을 찾아보세요 🙌','모임','https://udazzhluazlmcsbdbhzo.supabase.co/storage/v1/object/public/home-native-ads/meetup/meetup-ad-01.webp','모임',36,'home_feed_inline',3,'2026-04-13T19:04:00+09:00'::timestamptz,'2026-04-13T19:04:00+09:00'::timestamptz),
('같은 관심사 이웃들과 이야기할 카페를 구경해보세요 ☕','카페','https://udazzhluazlmcsbdbhzo.supabase.co/storage/v1/object/public/home-native-ads/cafe/cafe-ad-01.webp','카페',58,'home_feed_inline',4,'2026-04-13T19:05:00+09:00'::timestamptz,'2026-04-13T19:05:00+09:00'::timestamptz),
('붕어빵 파는 곳, 지금 동네지도에서 바로 찾아보세요 🗺️','동네지도','https://udazzhluazlmcsbdbhzo.supabase.co/storage/v1/object/public/home-native-ads/town-map/town-map-ad-02.webp','동네지도',64,'home_feed_inline',5,'2026-04-13T19:06:00+09:00'::timestamptz,'2026-04-13T19:06:00+09:00'::timestamptz),
('오늘 우리 동네 소식, 놓치기 전에 한번 확인해보세요 📌','동네 생활','https://udazzhluazlmcsbdbhzo.supabase.co/storage/v1/object/public/home-native-ads/town-life/town-life-ad-02.webp','동네 생활',19,'home_feed_inline',6,'2026-04-13T19:07:00+09:00'::timestamptz,'2026-04-13T19:07:00+09:00'::timestamptz),
('혼자 하기 망설였던 취미, 함께할 모임을 찾아보세요 🎯','모임','https://udazzhluazlmcsbdbhzo.supabase.co/storage/v1/object/public/home-native-ads/meetup/meetup-ad-02.webp','모임',72,'home_feed_inline',7,'2026-04-13T19:08:00+09:00'::timestamptz,'2026-04-13T19:08:00+09:00'::timestamptz),
('동네 관심사별 카페를 둘러보고 마음 맞는 곳을 찾아보세요 🌿','카페','https://udazzhluazlmcsbdbhzo.supabase.co/storage/v1/object/public/home-native-ads/cafe/cafe-ad-02.webp','카페',33,'home_feed_inline',8,'2026-04-13T19:09:00+09:00'::timestamptz,'2026-04-13T19:09:00+09:00'::timestamptz),
('주민들이 남긴 장소 정보, 지금 확인해보면 더 편해요 📍','동네지도','https://udazzhluazlmcsbdbhzo.supabase.co/storage/v1/object/public/home-native-ads/town-map/town-map-ad-03.webp','동네지도',46,'home_feed_inline',9,'2026-04-13T19:10:00+09:00'::timestamptz,'2026-04-13T19:10:00+09:00'::timestamptz),
('가볍게 시작할 수 있는 모임, 지금 한 번 들어가보세요 🎈','모임','https://udazzhluazlmcsbdbhzo.supabase.co/storage/v1/object/public/home-native-ads/meetup/meetup-ad-03.webp','모임',25,'home_feed_inline',10,'2026-04-13T19:11:00+09:00'::timestamptz,'2026-04-13T19:11:00+09:00'::timestamptz);
